{
	"info": {
		"_postman_id": "3ef9e5c0-98f2-4d3f-88d3-8b51d7bdb99f",
		"name": "Movie Booking App",
		"schema": "https://schema.getpostman.com/json/collection/v2.1.0/collection.json"
	},
	"item": [
		{
			"name": "getAllMovies",
			"request": {
				"method": "GET",
				"header": [],
				"url": null
			},
			"response": []
		},
		{
			"name": "searchMovie",
			"request": {
				"method": "GET",
				"header": [],
				"url": null
			},
			"response": []
		},
		{
			"name": "deleteMovie",
			"request": {
				"method": "DELETE",
				"header": [],
				"url": {
					"raw": "http://localhost:3000/api/v1.0/moviebooking/Pulp Fiction/delete/5",
					"protocol": "http",
					"host": [
						"localhost"
					],
					"port": "3000",
					"path": [
						"api",
						"v1.0",
						"moviebooking",
						"Pulp Fiction",
						"delete",
						"5"
					]
				}
			},
			"response": []
		},
		{
			"name": "registerUser",
			"request": {
				"method": "POST",
				"header": [],
				"body": {
					"mode": "raw",
					"raw": "{\r\n    \"firstname\":\"Abid\",\r\n    \"lastname\":\"Hussain\",\r\n    \"phone\":891911919,\r\n    \"id\":\"Abid@01\",\r\n    \"email\":\"abid@gmail.com\",\r\n    \"password\":\"abid@2001\",\r\n    \"confirmpassword\":\"abid@2001\"\r\n\r\n}",
					"options": {
						"raw": {
							"language": "json"
						}
					}
				},
				"url": {
					"raw": "http://localhost:3000/api/v1.0/moviebooking/register",
					"protocol": "http",
					"host": [
						"localhost"
					],
					"port": "3000",
					"path": [
						"api",
						"v1.0",
						"moviebooking",
						"register"
					]
				}
			},
			"response": []
		},
		{
			"name": "loginUser",
			"request": {
				"method": "POST",
				"header": [],
				"body": {
					"mode": "raw",
					"raw": "{ \"id\":\"Abid@01\",\r\n\"password\":\"abid@2001\"}",
					"options": {
						"raw": {
							"language": "json"
						}
					}
				},
				"url": {
					"raw": "http://localhost:3000/api/v1.0/moviebooking/login",
					"protocol": "http",
					"host": [
						"localhost"
					],
					"port": "3000",
					"path": [
						"api",
						"v1.0",
						"moviebooking",
						"login"
					]
				}
			},
			"response": []
		},
		{
			"name": "forgotPassword",
			"request": {
				"method": "GET",
				"header": [],
				"url": {
					"raw": "http://localhost:3000/api/v1.0/moviebooking/Abid@01/forgot",
					"protocol": "http",
					"host": [
						"localhost"
					],
					"port": "3000",
					"path": [
						"api",
						"v1.0",
						"moviebooking",
						"Abid@01",
						"forgot"
					]
				}
			},
			"response": []
		},
		{
			"name": "New Request",
			"request": {
				"method": "POST",
				"header": [],
				"body": {
					"mode": "raw",
					"raw": "{\r\n    \"password\":\"Hussain@01\",\r\n    \"confirmpassword\":\"Hussain@01\"\r\n}",
					"options": {
						"raw": {
							"language": "json"
						}
					}
				},
				"url": {
					"raw": "http://localhost:3000/api/v1.0/moviebooking/reset-password/39493c3afd8bb7025f777959a57c3271d9185bd8",
					"protocol": "http",
					"host": [
						"localhost"
					],
					"port": "3000",
					"path": [
						"api",
						"v1.0",
						"moviebooking",
						"reset-password",
						"39493c3afd8bb7025f777959a57c3271d9185bd8"
					]
				}
			},
			"response": []
		},
		{
			"name": "addMovie",
			"request": {
				"method": "GET",
				"header": [],
				"url": null
			},
			"response": []
		},
		{
			"name": "updateStatus",
			"request": {
				"method": "POST",
				"header": [],
				"body": {
					"mode": "raw",
					"raw": "{\r\n    \"ticket\":\r\n}",
					"options": {
						"raw": {
							"language": "json"
						}
					}
				},
				"url": {
					"raw": "http://localhost:3000/api/v1.0/moviebooking/update/Indian 2",
					"protocol": "http",
					"host": [
						"localhost"
					],
					"port": "3000",
					"path": [
						"api",
						"v1.0",
						"moviebooking",
						"update",
						"Indian 2"
					]
				}
			},
			"response": []
		},
		{
			"name": "BookTicket",
			"request": {
				"method": "GET",
				"header": [],
				"url": null
			},
			"response": []
		},
		{
			"name": "getTicketsbyId",
			"request": {
				"method": "GET",
				"header": [],
				"url": null
			},
			"response": []
		}
	]
}